company_name,full_address ,city,state,zip_code,contact_phone,website_url
10Four Youth Center,"2102 N Marion St, Denver, CO 80205, USA",Denver,CO,80205,(303) 830-6911,https://www.10four.io/
18 Reasons,"3674 18th St, San Francisco, CA 94110, USA",San Francisco,CA,94110,(415) 568-2710,https://www.18reasons.org/
92Y Camps,"1395 Lexington Ave, New York, NY 10128, USA",New York,NY,10128,(212) 415-5573,
Adam's Camp,"56 Inverness Dr E # 250, Englewood, CO 80112, USA",Englewood,CO,80112,(303) 563-8290,https://adamscamp.org/
Adventure Camp,"125 11th Ave, San Francisco, CA 94118, USA",San Francisco,CA,94118,(415) 388-2216,http://www.adventurecamps.net/
Adventure Camp Tampa,"2020 W Fletcher Ave, Tampa, FL 33612, USA",Tampa,FL,33612,(813) 963-2242,https://www.adventurecamptampa.com/
Agape Community Center/Agapeland Summer Program,"378 18th Ave, San Francisco, CA 94121, USA",San Francisco,CA,94121,(415) 387-7204,http://www.accsf.org/
Alcuin Summer,"6144 Churchill Way, Dallas, TX 75230, USA",Dallas,TX,75230,(214) 239-1745,https://www.alcuinschool.org/alcuin-summer
Alki Adventure Camp,"4701 SW Admiral Wy, Seattle, WA 98116, USA",Seattle,WA,98116,(206) 650-3778,https://www.alkiadvcamp.com/
Alpha Summer Camp,"2937 86th St, Brooklyn, NY 11223, USA",Brooklyn,NY,11223,(718) 333-0300,http://alphasummercamp.com/contact-us/
Amazing Downtown Summer Camp (formerly Oasis Day Camp Downtown),"142 Broome St, New York, NY 10002, USA",New York,NY,10002,,https://oasischildren.com/downtown--east-village/
Ascend Camp & Retreat Center,"5218 Kiwanis Rd, Dallas, TX 75236, USA",Dallas,TX,75236,(469) 998-2267,https://www.ascendtexas.com/
Aurora's Best After School Program & Summer Camp,"10958 E Bethany Dr, Aurora, CO 80014, USA",Aurora,CO,80014,(720) 400-0023,https://aurorasbestafterschool.com/
Austin Sports Academy,"275 Lotus Cir, Austin, TX 78737, USA",Austin,TX,78737,(512) 382-6952,http://www.austinsportsacademy.com/
Austin Sunshine Camps,"2225 Andrew Zilker Rd, Austin, TX 78746, USA",Austin,TX,78746,(512) 472-8107,http://www.sunshinecamps.org/
Bake Austin / Kids Culinary School,"1706 E 38th 1/2 St, Austin, TX 78722, USA",Austin,TX,78722,(512) 997-8277,http://www.bakeaustin.com/
Bayside Sports Academy,"4400 34th St N suite e, St. Petersburg, FL 33714, USA",St. Petersburg,FL,33714,(727) 258-4981,http://www.baysidesportsacademy.org/
Black Diamond Camp,"19830 SE 328th Pl, Auburn, WA 98092, USA",Auburn,WA,98092,(253) 939-0488,https://blackdiamond.org/
Blue Dolphin Summer Camp,"74-15 175th St, Fresh Meadows, NY 11366, USA",Fresh Meadows,NY,11366,(718) 847-6470,http://www.bluedolphincamp.com/
Bob Gilbertson Central City Family YMCA,"110 E Palm Ave, Tampa, FL 33602, USA",Tampa,FL,33602,(813) 229-9622,http://www.tampaymca.org/
Bonjour Language Camps – Spanish and French day camp (UWS),"SUMMER ADDRESS ONLY, 270 W 89th St, New York, NY 10024, USA",New York,NY,10024,(646) 974-9220,http://bonjourny.com/
Brain Camp @ UCSF,"505 Parnassus Ave, San Francisco, CA 94143, USA",San Francisco,CA,94143,(415) 335-4840,https://ilovebraincamp.org/about-us
BrainVyne LEGO & Money Camps,"4000 Middlefield Rd D5, Palo Alto, CA 94303, USA",Palo Alto,CA,94303,(650) 469-3409,http://www.brainvyne.com/
Cadence Academy Preschool,"13255 Noel Rd, Dallas, TX 75240, USA",Dallas,TX,75240,(972) 996-0677,https://www.cadence-education.com/locations/tx/dallas/305?utm_source=google&utm_medium=local_listing&utm_campaign=local_seo
Cadence Academy Preschool of Bent Tree,"17275 Addison Rd, Addison, TX 75001, USA",Addison,TX,75001,(972) 559-3899,https://www.cadence-education.com/locations/tx/addison/311?utm_source=google&utm_medium=local_listing&utm_campaign=local_seo
Caedmon Discovery Camp,"416 E 80th St, New York, NY 10075, USA",New York,NY,10075,(212) 879-2297,https://www.caedmonschool.org/beyond-the-classroom/discovery-camp/caedmon-discovery-camp
Camp 512,"127 Star St, Lakeway, TX 78734, USA",Lakeway,TX,78734,(512) 680-6721,https://www.camp512.com/
Camp at Sunset Bay,"14725 Norma Beach Rd, Edmonds, WA 98026, USA",Edmonds,WA,98026,(206) 324-6715,http://www.sunsetbaywharf.com/
Camp Balcones Springs,"104 Balcones Springs Dr, Marble Falls, TX 78654, USA",Marble Falls,TX,78654,(830) 693-2267,https://campiscool.com/?utm_source=GMB&utm_medium=Direct
Camp Broadway,"500 8th Ave, New York, NY 10018, USA",New York,NY,10018,(212) 575-2929,http://www.campbroadway.com/
Camp Burton,"9326 SW Bayview Dr, Vashon, WA 98070, USA",Vashon,WA,98070,(206) 463-2512,http://www.campburton.com/
Camp Champions,"775 Camp Rd, Marble Falls, TX 78654, USA",Marble Falls,TX,78654,(830) 598-2571,http://www.campchampions.com/
Camp Chrysalis,"2434 McKinley Ave, Berkeley, CA 94703, USA",Berkeley,CA,94703,(510) 843-6157,http://www.campchrysalis.com/
Camp Courage Colorado,"2525 Ash St., Denver, CO 80207, USA",Denver,CO,80207,(720) 226-1286,http://camp-courage.org/
Camp Cubber,"1551 Belcher Rd, Palm Harbor, FL 34683, USA",Palm Harbor,FL,34683,(727) 781-6343,https://www.cubber.org/
Camp Don Bosco,"1401 327th Ave NE, Carnation, WA 98014, USA",Carnation,WA,98014,(425) 333-6135,http://cyo.camp/
Camp Doodles,"French American International School, 150 Oak St, San Francisco, CA 94102, USA",San Francisco,CA,94102,(415) 388-4386,https://www.campdoodles.com/
Camp Doodles,"1155 Page St, San Francisco, CA 94117, USA",San Francisco,CA,94117,(415) 388-4386,https://campdoodles.com/locations/san-francisco/
Camp Doublecreek,"3311 Kelly Ln, Pflugerville, TX 78660, USA",Pflugerville,TX,78660,(512) 255-3661,http://www.campdoublecreek.com/
Camp Dovewood,"23221 101st Rd, O'Brien, FL 32071, USA",O'Brien,FL,32071,(386) 209-1908,https://www.campdovewood.org/
Camp Emunah,"828 Eastern Pkwy, Brooklyn, NY 11213, USA",Brooklyn,NY,11213,(718) 735-0225,http://campemunah.com/
Camp Experts,"175 E 79th St, New York, NY 10075, USA",New York,NY,10075,(212) 579-1873,https://www.campexperts.com/
Camp Fire Central Puget Sound,"2414 SW Andover St D-105, Seattle, WA 98106, USA",Seattle,WA,98106,(206) 461-8550,http://www.campfireseattle.org/
Camp Galileo,"655 Brotherhood Way, San Francisco, CA 94132, USA",San Francisco,CA,94132,(800) 854-3684,https://galileo-camps.com/our-camps/locations/san-francisco-twin-peaks/
Camp Galileo Burlingame,"2385 Trousdale Dr, Burlingame, CA 94010, USA",Burlingame,CA,94010,(800) 854-3684,https://galileo-camps.com/our-camps/locations/burlingame/?utm_medium=local-listing&utm_source=google&utm_campaign=gmb
Camp Galileo Denver - Park Hill/Central Park,"6550 E 21st Ave, Denver, CO 80207, USA",Denver,CO,80207,(800) 854-3684,https://galileo-camps.com/our-camps/locations/denver-summer-camp-park-hill-central-park/?utm_medium=local-listing&utm_source=google&utm_campaign=gmb
Camp Galileo Denver - Platt Park,"1221 E Eastman Ave, Englewood, CO 80113, USA",Englewood,CO,80113,(800) 854-3684,https://galileo-camps.com/our-camps/locations/denver-platt-park/?utm_medium=local-listing&utm_source=google&utm_campaign=gmb
Camp Galileo San Francisco - North,"735 Fell St, San Francisco, CA 94117, USA",San Francisco,CA,94117,(800) 854-3684,https://galileo-camps.com/our-camps/locations/san-francisco-north-cg-san-francisco-schoolhouse/?utm_medium=local-listing&utm_source=google&utm_campaign=gmb
Camp Galileo San Francisco - Sunset,"1530 43rd Ave, San Francisco, CA 94122, USA",San Francisco,CA,94122,(800) 854-3684,https://galileo-camps.com/our-camps/locations?utm_medium=local-listing&utm_source=google&utm_campaign=gmb
Camp Galileo San Francisco - Twin Peaks/Noe Valley,"625 Douglass St, San Francisco, CA 94114, USA",San Francisco,CA,94114,(800) 854-3684,https://galileo-camps.com/our-camps/locations/san-francisco-twin-peaks/?utm_medium=local-listing&utm_source=google&utm_campaign=gmb
Camp Galileo Seattle - Madison Valley,"3400 E Harrison St, Seattle, WA 98112, USA",Seattle,WA,98112,(800) 854-3684,https://galileo-camps.com/our-camps/locations/the-bush-school-seattle/?utm_medium=local-listing&utm_source=google&utm_campaign=gmb
Camp Gallagher,"1304 Russell Rd SW, Home, WA 98349, USA",Home,WA,98349,(888) 658-2230,https://www.campgallagher.org/
Camp Gilead,"30919 NE Carnation Farm Rd, Carnation, WA 98014, USA",Carnation,WA,98014,(425) 333-4311,https://www.campgilead.org/
Camp Gnarly NYC,"760 Sterling Pl, Brooklyn, NY 11216, USA",Brooklyn,NY,11216,(718) 866-7371,http://www.campgnarlynyc.com/
Camp Granite Lake,"11902 Camp Eden Rd, Golden, CO 80403, USA",Golden,CO,80403,(720) 249-2997,https://campgranitelake.com/
Camp Half-Blood Austin,"5214 Burleson Rd Suite 204, Austin, TX 78744, USA",Austin,TX,78744,(512) 222-3053,https://www.camphalfbloodaustin.org/
Camp Hillard - New York Summer Camp,"26 Elizabeth St, Scarsdale, NY 10583, USA",Scarsdale,NY,10583,(914) 949-8857,http://www.camphillard.com/
Camp Ida Smith,"1100 Lake Merced Blvd, San Francisco, CA 94132, USA",San Francisco,CA,94132,(800) 447-4475,https://www.idasmithdaycamp.org/
"Camp Idlewild of Florida, Inc.","7602 Henry Dr, Land O' Lakes, FL 34638, USA",Land O' Lakes,FL,34638,(813) 996-1226,http://campidlewildofflorida.com/
"Camp Integem: Holographic AR Coding, STEM, AI, Art & Design Summer Camp at San Francisco","1920 41st Ave, San Francisco, CA 94116, USA",San Francisco,CA,94116,(408) 459-0657,https://camp.integem.com/
Camp Keff | PJCC,"800 Foster City Blvd, Foster City, CA 94404, USA",Foster City,CA,94404,(650) 378-2704,http://www.campkeff.org/
Camp Kind,"4505 W 112th Ave, Westminster, CO 80031, USA",Westminster,CO,80031,(720) 608-6099,http://www.campkind.org/
Camp Lakota Sleepaway & Summer Camp Upstate NY,"56 Park Rd, Wurtsboro, NY 12790, USA",Wurtsboro,NY,12790,(845) 888-5611,http://camplakota.com/
Camp Long,"5200 35th Ave SW Dawson, Seattle, WA 98126, USA",Seattle,WA,98126,(206) 684-7434,https://www.seattle.gov/parks/find/parks/camp-long
Camp Maritime,"311 Sea Breeze Ave, Brooklyn, NY 11224, USA",Brooklyn,NY,11224,(833) 799-4999,https://www.campmaritime.com/
Camp McCullough,"20665 SE 264th St, Covington, WA 98042, USA",Covington,WA,98042,(425) 432-9470,https://www.campmccullough.us/
Camp Mirage Brandon,"2913 John Moore Rd, Brandon, FL 33511, USA",Brandon,FL,33511,(813) 825-2234,https://campmiragebrandon.com/
Camp Naru,"2 Wooster St Second Floor, New York, NY 10013, USA",New York,NY,10013,(646) 389-1793,http://www.campnaru.org/
Camp No Counselors,"135 W 50th St Suite 200, New York, NY 10020, USA",New York,NY,10020,(570) 647-4242,https://www.campnocounselors.com/
Camp Nor'wester,"Camp Nor'wester @ Spaces, 450 Alaskan Way S Ste. 200 98104, Seattle, WA 98104, USA",Seattle,WA,98104,(425) 670-1935,http://norwester.org/
Camp Nor'wester,"101 Evergreen Drive, Friday Harbor, WA 98250, USA",Friday Harbor,WA,98250,(425) 670-1935,https://norwester.org/
Camp Olympia,"723 Olympia Dr, Trinity, TX 75862, USA",Trinity,TX,75862,(936) 594-2541,https://www.campolympia.com/
Camp Osprey,"18050 US-301, Wimauma, FL 33598, USA",Wimauma,FL,33598,(941) 928-6860,http://www.camposprey.com/
Camp Ramaquois,"30 Mountain Rd, Pomona, NY 10970, USA",Pomona,NY,10970,(845) 354-1600,https://www.campramaquois.com/?utm_source=gmb&utm_medium=organic&utm_campaign=gmb-listing
Camp Sealth,"14500 SW Camp Sealth Rd, Vashon, WA 98070, USA",Vashon,WA,98070,(206) 463-3174,http://campfireseattle.org/
"Camp Skylark, Dallas","3877 Walnut Hill Ln, Dallas, TX 75229, USA",Dallas,TX,75229,(214) 531-3203,https://www.campskylark.com/locations/dallas
"Camp Skylark, Plano","6400 K Ave, Plano, TX 75074, USA",Plano,TX,75074,(214) 531-3203,https://www.campskylark.com/locations/plano
Camp Solomon Schechter,"117 E Louisa St UNIT 110, Seattle, WA 98102, USA",Seattle,WA,98102,(206) 447-1967,https://www.campschechter.org/
Camp Sonshine Florida,"1550 Belcher Rd, Largo, FL 33771, USA",Largo,FL,33771,(727) 210-5433,https://campsonshinefl.com/
Camp Summer Quest,"2001 62nd Ave S, St. Petersburg, FL 33712, USA",St. Petersburg,FL,33712,(727) 504-3149,http://campsummerquest.org/
CAMP Tampa,"3012 W Palmira Ave, Tampa, FL 33629, USA",Tampa,FL,33629,(813) 999-1900,http://www.welovecamp.com/
Camp Tawonga,"131 Steuart St #460, San Francisco, CA 94105, USA",San Francisco,CA,94105,(415) 543-2267,http://www.tawonga.org/
Camp Telaphiba,"CORPORATE OFFICES, 8820 W 116th Cir B, Broomfield, CO 80021, USA",Broomfield,CO,80021,(205) 656-0154,http://www.camptelaphiba.com/
Camp Ten Trees,"1122 E Pike St #1488, Seattle, WA 98122, USA",Seattle,WA,98122,(206) 288-9568,https://camptentrees.org/
Camp Vamonos! - Austin Summer Camp & After School Program,"6919 Reese Ln, Austin, TX 78757, USA",Austin,TX,78757,(512) 770-7789,https://campvamonos.com/
Camp West,"4539 California Ave SW, Seattle, WA 98116, USA",Seattle,WA,98116,(425) 224-6944,http://www.thecampwest.com/
Camp Wisdom,"6400 W Red Bird Ln, Dallas, TX 75236, USA",Dallas,TX,75236,(972) 298-3177,https://circleten.org/posts/30116/camp-wisdom
Camp Zeke,"809 W 181st St, New York, NY 10033, USA",New York,NY,10033,(212) 913-9783,http://www.campzeke.org/
"CAMP, A Family Experience Store","9830 N Central Expy, Dallas, TX 75231, USA",Dallas,TX,75231,(214) 612-0451,http://www.camp.com/
Campus Day Camp & Campus After School Program,"2901 Campus Rd, Brooklyn, NY 11210, USA",Brooklyn,NY,11210,(718) 421-7575,https://campusdaycamp.com/
campusNYC,"225 Liberty St, New York, NY 10281, USA",New York,NY,10281,(718) 237-8758,https://campusnyc.org/
Carrollwood Black Belt Academy,"4125 Gunn Hwy, Tampa, FL 33618, USA",Tampa,FL,33618,(813) 264-5425,http://www.martialartstampa.com/
Cedar Springs Camp,"4820 WA-92, Lake Stevens, WA 98258, USA",Lake Stevens,WA,98258,(425) 334-6215,https://cedarsprings.camp/
Celebree School of Dallas Arts District,"2400 Bryan St, Dallas, TX 75201, USA",Dallas,TX,75201,(972) 782-4225,https://www.celebree.com/dallas-arts-district-tx/
Champion Summer Camp,"@ West Hillsborough School, 376 Barbara Way, Hillsborough, CA 94010, USA",Hillsborough,CA,94010,(415) 602-0722,
CHASCO Family YMCA,"1801 N Interstate Hwy 35, Round Rock, TX 78664, USA",Round Rock,TX,78664,(512) 246-9622,http://ymcactx.org/locations/round-rock/
Circle F Dude Ranch Camp,"5301 Dude Ranch Rd, Lake Wales, FL 33898, USA",Lake Wales,FL,33898,(863) 676-4113,https://www.circlefduderanchcamp.com/
Citizen Kids Club,"1405 NE 120th St, Seattle, WA 98125, USA",Seattle,WA,98125,(206) 498-3485,https://www.scezone.com/
Coastal Camp,"1033 Fort Cronkhite, Sausalito, CA 94965, USA",Sausalito,CA,94965,(415) 331-1548,http://www.coastalcamp.org/
Coleman Country Day Camp,"55 Babylon Turnpike, Freeport, NY 11520, USA",Freeport,NY,11520,(516) 620-4300,https://colemancountry.com/
Colorado Academy Summer Programs,"3800 S Pierce St, Denver, CO 80235, USA",Denver,CO,80235,(303) 914-2531,https://www.coloradoacademysummer.org/
Columbia University - Little Lions Camp (formerly Cubs Camp),"MC 1923 3030, Broadway, New York, NY 10027, USA",New York,NY,10027,(212) 854-2233,http://perec.columbia.edu/littlelionscamp
Coppell Family YMCA,"146 Town Center Blvd, Coppell, TX 75019, USA",Coppell,TX,75019,(972) 393-5121,https://ymcadallas.org/locations/coppell-family-ymca?utm_source=google&utm_medium=organic&utm_campaign=gbp
Creator Camp Austin,"5815 Airport Blvd, Austin, TX 78752, USA",Austin,TX,78752,(713) 417-9025,https://www.creatorcamp.org/
Creator Camp Glad Tidings,"2700 Northland Dr, Austin, TX 78756, USA",Austin,TX,78756,(713) 417-9025,https://www.creatorcamp.org/
Creator Camp South Austin,"6800 West Gate Blvd Suite 120, Austin, TX 78745, USA",Austin,TX,78745,(713) 417-9025,http://creatorcamp.org/austin-south
Cross Timbers Family YMCA,"2021 Cross Timbers Rd, Flower Mound, TX 75028, USA",Flower Mound,TX,75028,(972) 539-9622,https://ymcadallas.org/locations/cross-timbers-family-ymca?utm_source=google&utm_medium=organic&utm_campaign=gbp
CU Denver LYNX Arts Camps,"1150 10th St Plaza, Denver, CO 80204, USA",Denver,CO,80204,,https://artsandmedia.ucdenver.edu/prospective-students/lynx-camps
Curious Jane Camp at International School of Brooklyn,"477 Court St, Brooklyn, NY 11231, USA",Brooklyn,NY,11231,(347) 770-0420,https://curiousjane.fun/camp/locations/isb/
D&D Summer Camp,"2438 W Anderson Ln. B1, Austin, TX 78757, USA",Austin,TX,78757,,https://www.facebook.com/61560669603116/
Dallas College Richland Campus,"12800 Abrams Rd, Dallas, TX 75243, USA",Dallas,TX,75243,(972) 238-6100,https://www.dallascollege.edu/about/rlc/pages/default.aspx
DC Adventures by Camp Doublecreek,"7815 Spicewood Springs Rd, Austin, TX 78759, USA",Austin,TX,78759,(512) 255-3661,https://www.campdoublecreek.com/
Dream Big Day Camp - Greenwood Village Campus,"5859 S University Blvd, Greenwood Village, CO 80121, USA",Greenwood Village,CO,80121,(303) 377-1805,http://www.dreambigdaycamp.com/
Dream Big Day Camp @ Denver Jewish Day School,"2450 S Wabash St, Denver, CO 80231, USA",Denver,CO,80231,(303) 377-1805,http://www.dreambigdaycamp.com/
Dream Big Day Camp @ Denver Jewish Day School,"2450 S Wabash St, Denver, CO 80231, USA",Denver,CO,80231,(303) 377-1805,https://www.dreambigdaycamp.com/contacts/
Dwight Summer Day Camp,"21 W 88th St, New York, NY 10024, USA",New York,NY,10024,(212) 724-6360 ext. 267,http://dwightsummercamp.org/
Easterseals Camp Stand By Me,"17809 S Vaughn Rd NW, Key Center, WA 98394, USA",Key Center,WA,98394,(253) 884-2722,https://www.easterseals.com/washington/our-programs/camping-recreation/
Eastridge Academy,"6310 Eastridge Dr, Dallas, TX 75231, USA",Dallas,TX,75231,(979) 406-7500,https://www.eastridgeacademytx.com/?utm_source=google&utm_medium=organic&utm_campaign=gmb
Elio Academy of Biomedical Sciences,"1541 3rd St, San Francisco, CA 94158, USA",San Francisco,CA,94158,(415) 251-0758,https://elioacademy.org/
Elite University Summer Camps - Austin Steiner Ranch,"5000 Marshall Ford Rd, Austin, TX 78732, USA",Austin,TX,78732,(832) 350-6194,https://www.elitesummercamps.com/austincampsteiner/
"Engineering for Kids - Geary & Stanyan, San Francisco (STEM & Coding After-school and Camps)","3522 Geary Blvd # 1, San Francisco, CA 94118, USA",San Francisco,CA,94118,(415) 527-0497,http://www.engineeringforkids.com/san-francisco
ESF Summer Camps at Riverdale Country School,"5250 Fieldston Rd, Bronx, NY 10471, USA",Bronx,NY,10471,(718) 432-1013,http://www.esfcamps.com/riverdale/
Extreme Youth Sports - Tampa Bay,"4920 Newkirk Dr #5, Tampa, FL 33624, USA",Tampa,FL,33624,(813) 817-5425,https://extremeyouthsports.com/
Fantastic Magic Camp,"7500 Woodrow Ave, Austin, TX 78757, USA",Austin,TX,78757,(512) 988-3045,http://magiccamp.com/
FrogLegs Cooking School,"2643 NE Village Ln, Seattle, WA 98105, USA",Seattle,WA,98105,(206) 887-8228,http://www.froglegskca.com/
Future Set Tech Camp,"3315 El Salido Pkwy, Cedar Park, TX 78613, USA",Cedar Park,TX,78613,(361) 360-1345,https://www.futuresetcamp.com/
Gaia Guides Kids Camp,"1138 Ballena Blvd, Alameda, CA 94501, USA",Alameda,CA,94501,(415) 448-6640,http://www.gaia-guides.com/
Galileo Learning,"548 Market St PMB 38374, San Francisco, CA 94104, USA",San Francisco,CA,94104,(800) 854-3684,https://galileo-camps.com/?utm_medium=local-listing&utm_source=google&utm_campaign=gmb&utm_content=seattle%20madison%20valley
Gator Youth Sports Summer Camp,"1600 Holloway Ave.–Gym 101, San Francisco State University, Department of Kinesiology, San Francisco, CA 94132, USA",San Francisco,CA,94132,(415) 338-2244,
Got Game Sports Summer Camp,"845 W Dahlia St, Louisville, CO 80027, USA",Louisville,CO,80027,(720) 909-8077,https://gotgamecamp.com/louisville-co-summer-camps/
"Greater Austin YMCA-Childcare, Education, Camps","4000 S I-35 Frontage Rd 5th Floor, Austin, TX 78704, USA",Austin,TX,78704,(512) 236-9622,https://www.austinymca.org/childcare/
Handprints Academy,"702 S Hampton Rd, Dallas, TX 75208, USA",Dallas,TX,75208,(214) 941-4844,https://handprintschildcare.com/
Hans Jensen Group Camp,"4460 E Lake Sammamish Pkwy SE, Issaquah, WA 98029, USA",Issaquah,WA,98029,(425) 455-7010,http://parks.state.wa.us/533/Lake-Sammamish
High Trek Summer Camps - Seattle's Outdoor Adventure Day Camp,"Camp Office, 11928 Beverly Park Rd, Everett, WA 98204, USA",Everett,WA,98204,(425) 382-2966,http://www.hightrekcamps.com/
Hillel Academy of Tampa,"2020 W Fletcher Ave, Tampa, FL 33612, USA",Tampa,FL,33612,(813) 963-2242,https://www.hillelacademytampa.com/
Hoops Academy NYC,"225 Adelphi St #1, Brooklyn, NY 11205, USA",Brooklyn,NY,11205,(786) 644-2349,https://newyorkhoopsacademy.com/
iCAMP Tribeca - STEAM Summer Camp,"90 Hudson St, New York, NY 10013, USA",New York,NY,10013,(631) 466-5298,https://icamp.com/nyc-summer-camp/?utm_source=gbpnyc&utm_medium=google&utm_campaign=tribecasummer
iCode School - Austin Campus,"4301 W William Cannon Dr Building K Suite 200, Austin, TX 78749, USA",Austin,TX,78749,(512) 308-3721,https://icodeschool.com/austin113/
iCode School - North Dallas Campus,"14902 Preston Rd #411, Dallas, TX 75254, USA",Dallas,TX,75254,(214) 306-4341,https://icodeschool.com/dallas103/
IDEA Lab Kids - Central Austin,"8620 Burnet Rd Suite 500, Austin, TX 78757, USA",Austin,TX,78757,(512) 494-6744,https://idealabkids.com/location/austin/
Illumination Learning Studio,"7720 Greenwood Ave N #101, Seattle, WA 98103, USA",Seattle,WA,98103,(206) 466-1931,https://www.illuminationlearningstudio.com/
JCC Maccabi Sports Camp,"601 14th Ave, San Francisco, CA 94118, USA",San Francisco,CA,94118,(415) 997-8844,http://www.maccabisportscamp.org/about-camp/location-facilities/
JCC Ranch Camp,"350 S Dahlia St, Denver, CO 80246, USA",Denver,CO,80246,(303) 316-6384,http://www.ranchcamp.org/
JCH Summer Day Camps in Brooklyn,"7802 Bay Pkwy, Brooklyn, NY 11214, USA",Brooklyn,NY,11214,(718) 331-6800,http://www.jchb.org/summer-camps/
John Austin Cheley Foundation (DBA: A Thousand Summers),"1420 Ogden St #102, Denver, CO 80218, USA",Denver,CO,80218,(720) 981-2532,http://athousandsummers.org/
John Knox Ranch - Summer Camp and Retreat Center,"1661 John Knox Rd, Fischer, TX 78623, USA",Fischer,TX,78623,(830) 935-4568,http://www.johnknoxranch.org/
Kamps 4 Kids,"8606 Hunters Village Rd unit 309, Tampa, FL 33647, USA",Tampa,FL,33647,(813) 489-9024,https://kamps4kids.com/
Kiddie Academy of Far North Dallas,"6220 McCallum Blvd, Dallas, TX 75248, USA",Dallas,TX,75248,(940) 331-6700,https://kiddieacademy.com/academies/far-north-dallas/
Kids Camp,"1200 W Platt St, Tampa, FL 33606, USA",Tampa,FL,33606,(813) 720-7470,https://www.tampakidscamp.org/contact1.html
Kids Club After School Program,"1242 18th Ave E, Seattle, WA 98112, USA",Seattle,WA,98112,(206) 523-6351,http://www.kidsclubafterschool.org/
Kids Garden Club,"11661 Preston Rd Suite 150, Dallas, TX 75230, USA",Dallas,TX,75230,(214) 434-1126,http://www.kgcdallas.com/
Kids in the Game,"45 E 20th St 4th Floor, New York, NY 10003, USA",New York,NY,10003,(212) 634-7262,https://www.kidsinthegame.com/
Kids in the Game Summer Camp - East Village,"44 E 2nd St, New York, NY 10003, USA",New York,NY,10003,(212) 634-7262,https://www.kidsinthegame.com/summer-camps/east-village/
Kids in the Game Summer Camp - Greenpoint,"100 Dobbin St, Brooklyn, NY 11222, USA",Brooklyn,NY,11222,(212) 634-7262,https://www.kidsinthegame.com/summer-camps/greenpoint/
Kids in the Game Summer Camp - Park Slope,"588 6th St, Brooklyn, NY 11215, USA",Brooklyn,NY,11215,(212) 634-7262,https://www.kidsinthegame.com/summer-camps/park-slope/
Kids in the Game Summer Camp - Riverdale,"3120 Corlear Ave, Bronx, NY 10463, USA",Bronx,NY,10463,(212) 634-7262,https://www.kidsinthegame.com/summer-camps/riverdale/
Kids in the Game Summer Camp - Upper East Side (Carnegie Hill),"4 E 90th St, New York, NY 10128, USA",New York,NY,10128,(212) 634-7262,https://www.kidsinthegame.com/summer-camps/upper-east-side-carnegie-hill/
Kids Magic Lab,"7325 166th Ave NE f235, Redmond, WA 98052, USA",Redmond,WA,98052,(425) 417-0316,https://www.kidsmagiclab.com/
Kids of Summer Sports NYC,"320 W 87th St, New York, NY 10024, USA",New York,NY,10024,(917) 572-2423,http://www.kidsofsummernyc.com/
Kids Science Labs,"405 NE 71st St, Seattle, WA 98115, USA",Seattle,WA,98115,(773) 798-2012,http://www.kidssciencelabs.com/
"Kids SmART, Inc.-Summer Camp","80 S Teller St, Lakewood, CO 80226, USA",Lakewood,CO,80226,(303) 972-4321,http://www.kids-smart.com/
Kids' Nature Summer Camps at Little Red Wagon Native Nursery,"4111-A Henderson Blvd, Tampa, FL 33629, USA",Tampa,FL,33629,(813) 755-9579,https://butterflytampa.com/camps/
kidsActing Studio - Rehearsal Studio,"1400 Tillery St, Austin, TX 78721, USA",Austin,TX,78721,(512) 836-5437,http://www.kidsactingstudio.com/
Kidventure Camp All Saints,"7777 Osage Plz Ct, Dallas, TX 75252, USA",Dallas,TX,75252,(214) 303-9789,https://kidventure.com/locations/camp-all-saints-dallas/
Kidventure Camp Kessler,"1822 W 10th St, Dallas, TX 75208, USA",Dallas,TX,75208,(214) 303-9789,https://kidventure.com/locations/camp-kessler-dallas/
Kidventure Camp Preston Hollow,"7611 Park Ln, Dallas, TX 75225, USA",Dallas,TX,75225,(214) 303-9789,https://kidventure.com/locations/camp-preston-hollow-dallas/
Kidventure Camp Rough Hollow,"901 Highlands Blvd, Lakeway, TX 78738, USA",Lakeway,TX,78738,(512) 263-8992,https://kidventure.com/locations/camp-rough-life-austin/
Kidventure Camp St. Patrick,"9635 Ferndale Rd, Dallas, TX 75238, USA",Dallas,TX,75238,(214) 303-9789,https://kidventure.com/locations/camp-st-patrick-dallas/
Kidventure Camp Steiner,"12550 Country Trails Ln, Austin, TX 78732, USA",Austin,TX,78732,(512) 263-8992,https://kidventure.com/locations/camp-steiner-austin/
Kidventure Camps Austin - Summer Camp,"11701 FM2244 Suite 240C, Austin, TX 78738, USA",Austin,TX,78738,(512) 263-8992,https://kidventure.com/austin-summer-camp/
Kidventure Camps Dallas,"3330 Keller Springs Rd #230, Carrollton, TX 75006, USA",Carrollton,TX,75006,(214) 303-9789,https://kidventure.com/dallas-summer-camps/
"KidzToPros Summer Camp - Accelerated Schools, Denver","2160 S Cook St, Denver, CO 80210, USA",Denver,CO,80210,(877) 202-1554,https://www.kidztopros.com/locations/US-CO/Denver/Accelerated-Schools-summer-camps?grades=1-2
KidzToPros Summer Camp at Academy of Thought and Industry,"2690 Jackson St, San Francisco, CA 94115, USA",San Francisco,CA,94115,(877) 202-1554,https://www.kidztopros.com/locations/Academy-of-Thought-and-Industry-summer-camps-in-San-Francisco-US-CA?&utm_source=gmb&utm_medium=google&utm_campaign=summer_camp&utm_term=organic&utm_content=info-tab
Kidztopros Summer Camp at Lipman Middle School,"1 Solano St, Brisbane, CA 94005, USA",Brisbane,CA,94005,(877) 202-1554,https://www.kidztopros.com/locations/Lipman-Middle-summer-camps-in-Brisbane-US-CA
Kim's Kids Summer Camp,"180 7th Ave, Brooklyn, NY 11215, USA",Brooklyn,NY,11215,(718) 768-6419,https://www.kimskidscamp.com/
Kong Academy HQ,"2915 W Garfield St, Seattle, WA 98199, USA",Seattle,WA,98199,(206) 451-7385,http://www.kongacademy.org/
"La Petite Cuillère - Summer Camps, Private Lessons & Virtual Classes for all aspiring chefs!","122 W Portal Ave, San Francisco, CA 94127, USA",San Francisco,CA,94127,(415) 944-0034,https://www.lapetitesf.com/
Lake highlands Summer Camp and After School,"10675 E NW Hwy Suite 2900, Dallas, TX 75238, USA",Dallas,TX,75238,(214) 221-1977,https://www.lakehighlandssummercamp.com/
Legacy Summer Camps,"127 W 127th St, New York, NY 10027, USA",New York,NY,10027,(212) 381-6099,http://legacysummercamp.com/
Maker Studio Kids,"600a Octavia Blvd, San Francisco, CA 94102, USA",San Francisco,CA,94102,(415) 855-1073,http://www.makerstudiokidz.com/
MakerState STEM Summer Camp & STEM Makerspaces,"233 W 77th St Suite 1, New York, NY 10024, USA",New York,NY,10024,,https://maker-state.com/?utm_source=google&utm_medium=gmb&utm_campaign=Google-My-Business
Manhattan Beach Summer Camp,"60 West End Ave, Brooklyn, NY 11235, USA",Brooklyn,NY,11235,(347) 788-8669,https://www.mbsummercamp.com/
Mariposa Kids,"1368 Potrero Ave, San Francisco, CA 94110, USA",San Francisco,CA,94110,(415) 323-0732,http://www.sfmariposakids.com/
Mariposa Kids,"3361 Mission St, San Francisco, CA 94110, USA",San Francisco,CA,94110,(415) 323-0732,https://www.sfmariposakids.com/
MB Sports Camps,"12431 Bristol Commons Cir, Tampa, FL 33626, USA",Tampa,FL,33626,(855) 962-7767,
Mill Basin Day Camp,"5945 Strickland Ave, Brooklyn, NY 11234, USA",Brooklyn,NY,11234,(718) 251-6200,https://www.millbasindaycamp.com/
Mohawk. Day .Camp,"200 Old Tarrytown Rd, White Plains, NY 10603, USA",White Plains,NY,10603,(914) 949-2635,https://www.campmohawk.com/
Natureversity Outdoor School,"420 Kemp St, Austin, TX 78741, USA",Austin,TX,78741,(512) 461-9395,http://www.natureversity.org/
Neuron Garage Camp at Magellan International,"2 Rooms, 7938 Great Northern Blvd, Austin, TX 78757, USA",Austin,TX,78757,(512) 593-5393,https://neurongarage.com/summer-camp-austin-tx/north-shoal-creek/
New Tampa Family YMCA,"16221 Compton Dr, Tampa, FL 33647, USA",Tampa,FL,33647,(813) 866-9622,http://www.tampaymca.org/
Next Level Camp for Boys,"173 Stratton Rd, New Rochelle, NY 10804, USA",New Rochelle,NY,10804,(914) 341-1488,https://nextlevelboyscamp.com/
Next Level Camp for Girls,"1354 North Ave, New Rochelle, NY 10804, USA",New Rochelle,NY,10804,(914) 341-1488,http://nextlevelgirlscamp.com/
NextGen Bootcamp: High School Coding Bootcamps,"185 Madison Ave 3rd floor, New York, NY 10016, USA",New York,NY,10016,(212) 226-0884,https://nextgenbootcamp.com/
Northwest Family YMCA,"8950 W Waters Ave, Tampa, FL 33615, USA",Tampa,FL,33615,(813) 249-8510,http://www.tampaymca.org/
Noteable Kids Center,"Greenwood Village, CO 80111, USA",Greenwood Village,CO,80111,(303) 840-5787,http://www.noteablekids.com/
NYC Kids Camps,"136 W 10th St, New York, NY 10014, USA",New York,NY,10014,(212) 255-1685,http://nyckidscamps.com/
Nyc Kids Camps,"134 W 10th St, New York, NY 10014, USA",New York,NY,10014,(212) 255-1685,https://www.nyckidscamps.com/
O2B Kids South Westshore,"4302 W Euclid Ave, Tampa, FL 33629, USA",Tampa,FL,33629,(813) 531-8955,https://www.o2bkids.com/locations/south-westshore-preschool/
Oasis Day Camp in Central Park,"795 Columbus Ave, New York, NY 10025, USA",New York,NY,10025,(646) 698-1800,https://www.oasischildren.com/central-park/
Packer Summer Day Camp,"170 Joralemon St, Brooklyn, NY 11201, USA",Brooklyn,NY,11201,(718) 250-0209,https://www.packer.edu/school-life/summer-camp
Parish Summer,"4101 Sigma Rd, Dallas, TX 75244, USA",Dallas,TX,75244,(972) 852-8752,http://www.parishplus.org/
Park South Family YMCA,"2500 Romine Ave, Dallas, TX 75215, USA",Dallas,TX,75215,(214) 421-5301,https://ymcadallas.org/locations/park-south-family-ymca?utm_source=google&utm_medium=organic&utm_campaign=gbp
Peak Performance Summer Camp,"500 Brushy Creek Rd #504a, Cedar Park, TX 78613, USA",Cedar Park,TX,78613,(512) 918-8921,http://www.cedarparksummercamp.com/
Peak Summer Camp & After School Program,"12421 Washington St, Thornton, CO 80241, USA",Thornton,CO,80241,(303) 908-4332,https://www.peaksummercamp.com/
Pedalheads Denver l Summer Camps,"3985 S Vincennes Ct, Denver, CO 80237, USA",Denver,CO,80237,,
Pierce Country Day Camp,"37 Mineola Ave, Roslyn, NY 11576, USA",Roslyn,NY,11576,(516) 621-2211,http://www.piercecamps.com/
Pinnacle Explorations Outdoor School,"3201 E Republican St, Seattle, WA 98112, USA",Seattle,WA,98112,(425) 610-9492,http://www.pinnacleexplorations.org/
Poly Summer Camp,"1 Poly Prep Dr, Brooklyn, NY 11228, USA",Brooklyn,NY,11228,(718) 836-9800,https://www.polysummer.org/?utm_source=google&utm_medium=local_listing&utm_campaign=local
Rain City Rock Camp,"117 E Louisa St #445, Seattle, WA 98102, USA",Seattle,WA,98102,(206) 596-5984,http://raincityrockcamp.org/about/contact/
Red Gate Farm Day Camp,"23836 SE 24th St, Sammamish, WA 98075, USA",Sammamish,WA,98075,(425) 392-0111,http://www.redgatefarmdaycamp.com/
Richardson's Best After School and Camps,"1980 Nantucket Dr, Richardson, TX 75080, USA",Richardson,TX,75080,(469) 347-2494,http://www.richardsonsbestafterschoolprogram.com/
Rocky Mountain Theatre For Kids Denver,"3425 S Broadway, Englewood, CO 80113, USA",Englewood,CO,80113,(303) 245-8150,http://www.theaterforkids.net/
Roughing It Day Camp,"936 Dewing Ave F, Lafayette, CA 94549, USA",Lafayette,CA,94549,(925) 283-3795,https://www.roughingit.com/
Run for Fun Camps,"418 Yerba Santa Ave, Los Altos, CA 94022, USA",Los Altos,CA,94022,(650) 823-5167,https://www.runforfuncamps.com/
sack day camp,"21 Walter U Lum Pl, San Francisco, CA 94108, USA",San Francisco,CA,94108,(415) 986-2578,http://www.sackdaycamp.com/
Safety Harbor's Best After School Program and Summer Camp,"1224 7th St S, Safety Harbor, FL 34695, USA",Safety Harbor,FL,34695,(727) 447-1079,https://www.safetyharborsbestafterschool.com/
SAMBICA: Summer Camp and Retreat Center,"4114 W Lake Sammamish Pkwy SE, Bellevue, WA 98008, USA",Bellevue,WA,98008,(425) 746-9110,http://www.sambica.com/
School Art Camp,"3104 N Armenia Ave, Tampa, FL 33607, USA",Tampa,FL,33607,(214) 399-8473,http://schoolartcamp.com/aboutus/
School of Acrobatics and New Circus Arts,"674 S Orcas St, Seattle, WA 98108, USA",Seattle,WA,98108,(206) 652-4433,http://sancaseattle.org/
School of Creative & Performing Arts [ SOCAPA ],"440 Lafayette St, New York, NY 10003, USA",New York,NY,10003,(800) 718-2787,http://www.socapa.org/
School of Wonder,"53 Prospect Park W #4, Brooklyn, NY 11215, USA",Brooklyn,NY,11215,,https://www.theschoolofwonder.com/
SF Dragons Soccer Camp,"7421 Geary Blvd, San Francisco, CA 94121, USA",San Francisco,CA,94121,(415) 350-9779,https://www.sfdragonssoccercamp.com/
Sherwood Forest Summer Camp,"1883 Old Hwy 20, McDade, TX 78650, USA",McDade,TX,78650,(512) 222-8570,https://www.sherwoodforestsummercamp.com/
Shibley Day Camp,"175 Warner Ave, Roslyn Heights, NY 11577, USA",Roslyn Heights,NY,11577,(516) 621-8777,https://www.shibleydaycamp.com/?utm_source=gmb&utm_medium=organic&utm_campaign=gmb-listing
Shorecrest Preparatory School Summer Camps,"Shorecrest Preparatory School, 5101 1st St NE, St. Petersburg, FL 33703, USA",St. Petersburg,FL,33703,(800) 336-2098,http://www.shorecrest.org/
Shwayder Camp,"51 Grape St, Denver, CO 80220, USA",Denver,CO,80220,(303) 388-4013,http://www.shwayder.com/
Sky Kids Camp & Immersion Program,"1187 Franklin St, San Francisco, CA 94109, USA",San Francisco,CA,94109,,http://www.sky-kids.org/
SMU Girls Soccer Camp,"5800 Ownby Dr, Dallas, TX 75205, USA",Dallas,TX,75205,(945) 230-4030,http://www.smusoccercamps.com/
South Austin Recreation Center,"1100 Cumberland Rd, Austin, TX 78704, USA",Austin,TX,78704,(512) 978-2440,http://www.austintexas.gov/department/south-austin-recreation-center
Southwest Family YMCA,"5181 W Kenyon Ave, Denver, CO 80236, USA",Denver,CO,80236,(720) 524-2758,https://www.denverymca.org/locations/southwest-family-ymca
Spanish Schoolhouse,"5242 Meadowcreek Dr, Dallas, TX 75248, USA",Dallas,TX,75248,(972) 838-1236,https://spanishschoolhouse.com/
Spartan Summer Camps at St. Stephens,"6500 St Stephens Dr, Austin, TX 78746, USA",Austin,TX,78746,(512) 327-1213,https://www.sstx.org/campus-life/summer-camps
SPREE Camps at Headquarters (HQ),"610 S Jason St, Denver, CO 80223, USA",Denver,CO,80223,(720) 306-8000,https://www.thegreenwayfoundation.org/spree-home-page.html
Spurlino Family YMCA at Big Bend Road,"9650 Old Big Bend Rd, Riverview, FL 33578, USA",Riverview,FL,33578,(813) 228-9622,https://www.tampaymca.org/locations/spurlino-family-ymca-big-bend-road
Spy Camp,"650 Florida St, San Francisco, CA 94110, USA",San Francisco,CA,94110,,
SRK Camp Lutz,"19502 Heritage Harbor Pkwy, Lutz, FL 33558, USA",Lutz,FL,33558,(813) 355-1720,http://www.srkcamp.com/
St. Christopher's Montessori School,"7900 Lovers Ln, Dallas, TX 75225, USA",Dallas,TX,75225,(214) 306-8244,http://www.scmsdallas.org/
Stargazer Day Camp,"4011 Fillmore Ave, Brooklyn, NY 11234, USA",Brooklyn,NY,11234,(347) 560-3469,http://www.stargazerdaycamp.com/
Steve & Kate's Camp - Austin,"9607 Brodie Ln, Austin, TX 78748, USA",Austin,TX,78748,(737) 270-7686,https://steveandkatescamp.com/austin/
Steve & Kate's Camp - Dallas,"5707 Royal Ln, Dallas, TX 75229, USA",Dallas,TX,75229,(972) 640-2383,https://steveandkatescamp.com/dallas/
Steve & Kate's Camp - Denver Curtis Park,"2500 Curtis Street, Denver, CO 80205, USA",Denver,CO,80205,(720) 399-5622,https://steveandkatescamp.com/denver-curtis-park/
Steve & Kate's Camp - Denver Park Hill,"1800 Pontiac St, Denver, CO 80220, USA",Denver,CO,80220,(720) 439-7785,https://steveandkatescamp.com/denver/
Steve & Kate's Camp - Greenwood Village TEMPORARILY CLOSED),"5859 S University Blvd, Greenwood Village, CO 80121, USA",Greenwood Village,CO,80121,(720) 248-6566,https://steveandkatescamp.com/greenwood-village/
Steve & Kate's Camp - North Austin,"300 E Huntland Dr, Austin, TX 78752, USA",Austin,TX,78752,(512) 881-2442,https://steveandkatescamp.com/austin-north/
Steve & Kate's Camp - Potrero Hill,"1555 Mariposa St, San Francisco, CA 94107, USA",San Francisco,CA,94107,(628) 204-4119,https://steveandkatescamp.com/sf-potrero-hill/
Steve & Kate's Camp - San Francisco - Cathedral Hill,"888 Turk St, San Francisco, CA 94102, USA",San Francisco,CA,94102,(415) 604-0081,https://steveandkatescamp.com/sf-cathedral-hill
Steve & Kate's Camp - Seattle Meadowbrook,"2728 NE 100th St, Seattle, WA 98125, USA",Seattle,WA,98125,(360) 587-7854,https://steveandkatescamp.com/seattle-meadowbrook/
Steve & Kate's Camp - SF Noe Valley,"625 Douglass St, San Francisco, CA 94114, USA",San Francisco,CA,94114,(415) 851-8581,https://steveandkatescamp.com/sf-noe-valley/
Steve & Kate's Camp at Blue School,"241 Water St, New York, NY 10038, USA",New York,NY,10038,(347) 227-0080,https://steveandkatescamp.com/manhattan-lower-manhattan
Summer at Hockaday,"11600 Welch Rd, Dallas, TX 75229, USA",Dallas,TX,75229,(214) 360-6534,http://www.hockaday.org/summer
Summer Camp at Lehman College,"Carman Hall 128, 250 Bedford Park Blvd W, Bronx, NY 10468, USA",250 Bedford Park Blvd W,NY,10468,(718) 960-8512,http://www.lehman.edu/academics/continuing-education/summer-camp.php
Summer Camp J at JCC on the Maureen and Doug Cohn Campus,"13009 Community Campus Dr, Tampa, FL 33625, USA",Tampa,FL,33625,(813) 264-9000,https://www.jcccohncampus.com/programs/camp-jcc
Summer Camp Program at HSArts,"1970 Page St, San Francisco, CA 94117, USA",San Francisco,CA,94117,(415) 431-3161,https://hsarts.info/summer_program
Summer Culinary,"1701 Broadway, Seattle, WA 98122, USA",Seattle,WA,98122,(718) 237-8758,https://summerculinary.com/campus-seattle/
Summer Fun Seattle,"7552 11th Ave NW, Seattle, WA 98117, USA",Seattle,WA,98117,(206) 499-5787,https://summerfunseattle.org/
SummerSault at The Town School,"540 E 76th St, New York, NY 10021, USA",New York,NY,10021,(212) 288-4383,https://www.summersaultnyc.org/
Sunset Lake Camp,"30811 Quinnon Rd, Wilkeson, WA 98396, USA",Wilkeson,WA,98396,(360) 829-0311,http://www.sunsetlake.org/
Super Kids Summer Camp,"1409 Richmond Ave, Staten Island, NY 10314, USA",Staten Island,NY,10314,(347) 960-6399,https://sisummercamp.com/
Sylvan Learning of Dallas & Highland Park,"10455 N Central Expy #105, Dallas, TX 75230, USA",Dallas,TX,75230,(469) 828-6523,https://sylvanlearning.com/locations/us/tx/dallas-tutoring/dallas-highland-park?utm_source=google&utm_medium=local&utm_campaign=localmaps&utm_content=398
Tampa Boy's Basketball Camps,"401 W Kennedy Blvd, Tampa, FL 33606, USA",Tampa,FL,33606,(813) 257-3781,https://tampabball.com/
Tech EdVentures Camp,"5707 Royal Ln, Dallas, TX 75229, USA",Dallas,TX,75229,(972) 905-1777,http://techedventures.com/
TechKnowHow Summer Tech Camps,"1291 E Hillsdale Blvd #201, Foster City, CA 94404, USA",Foster City,CA,94404,(650) 638-0500,https://techknowhowkids.com/
Teddy Dupay Basketball Academy,"302 W Kennedy Blvd, Tampa, FL 33606, USA",Tampa,FL,33606,(813) 518-8739,https://teddydupay.com/
The Black Academy of Arts and Letters,"650 S Griffin St, Dallas, TX 75202, USA",Dallas,TX,75202,(214) 743-2440,http://www.tbaal.org/
The Nest Schools Plano,"18303 Davenport Rd, Dallas, TX 75252, USA",Dallas,TX,75252,(469) 702-8860,https://thenestschool.com/locations/plano/
theCoderSchool,"8632 Hunters Village Rd, Tampa, FL 33647, USA",Tampa,FL,33647,(813) 422-5566,https://www.thecoderschool.com/locations/newtampa/?utm_source=gmb
Tinkering School,"682 Schofield Rd, San Francisco, CA 94129, USA",San Francisco,CA,94129,(415) 766-7647,http://www.tinkeringschool.com/
TnT Outdoor Adventures Summer Camp,"1756 Alki Ave SW, Seattle, WA 98116, USA",Seattle,WA,98116,(206) 375-5918,
Twin Lakes Family YMCA,"204 E Little Elm Trail, Cedar Park, TX 78613, USA",Cedar Park,TX,78613,(512) 250-9622,https://ymcactx.org/locations/cedar-park/
Urban Adventure Camps,"5701 Cabot Dr, Oakland, CA 94611, USA",Oakland,CA,94611,(510) 339-0676,http://www.urbanadventurecamps.com/
URJ Camp Kalsman,"3805 108th Ave NE # 100, Bellevue, WA 98004, USA",Bellevue,WA,98004,(425) 284-4484,https://campkalsman.org/
USF Office of Youth Experiences,"4202 E Fowler Ave LIB 618, Tampa, FL 33620, USA",Tampa,FL,33620,(813) 974-3355,https://usf.edu/yxp
West Seattle Summer Camps,"3940 41st Ave SW, Seattle, WA 98116, USA",Seattle,WA,98116,(206) 496-8877,http://islandtimeministries.com/
Westlake Chinese Academy,"6800 Spanish Oaks Club Blvd, Austin, TX 78738, USA",Austin,TX,78738,(737) 247-1533,https://www.westlakechineseacademy.org/camp
Wet & Wild Adventure Camp,"2008 Enfield Rd, Austin, TX 78703, USA",Austin,TX,78703,(512) 771-3188,https://wetwildcamp.com/
Wet & Wild Adventure Camp,"6001 Westcreek Dr, Austin, TX 78749, USA",Austin,TX,78749,(512) 771-3188,https://wetwildcamp.com/
White Rock North School,"9727 White Rock Trail, Dallas, TX 75238, USA",Dallas,TX,75238,(214) 348-7410,http://www.whiterocknorthschool.com/
Willow Montessori Academy,"2404 Empire Central Dr, Dallas, TX 75235, USA",Dallas,TX,75235,(214) 444-7009,http://www.willowmontessoriacademy.com/
Wise Camps,"12536 SE 70th St, Newcastle, WA 98056, USA",Newcastle,WA,98056,(425) 954-7208,http://www.wisecamps.org/
Wolf Camp and the Conservation College,"1026 14th St SW, Puyallup, WA 98371, USA",Puyallup,WA,98371,(425) 248-0253,http://www.wolfcollege.com/
Word of Life Florida Camps,"13247 Word of Life Dr, Hudson, FL 34669, USA",Hudson,FL,34669,(727) 379-5000,https://florida.wol.org/camps/
World of Discovery Summer Day Camp,"33rd Avenue &, 215th Pl, Bayside, NY 11360, USA",215th Pl,NY,11360,(718) 229-3037,http://worldofdiscovery.org/
Worldmind School,"1515 Race St, Denver, CO 80206, USA",Denver,CO,80206,(303) 970-9785,https://www.worldmindeducation.org/
Xplor Preschool of Carrollton,"2525 E Trinity Mls Rd, Carrollton, TX 75006, USA",Carrollton,TX,75006,(972) 895-7015,https://www.xplorpreschool.com/preschools/tx/dallas/carrollton/?utm_medium=directory&utm_source=gmb&utm_campaign=profile&utm_content=website
YMCA Camp Colman,"20016 Bay Rd SW, Longbranch, WA 98351, USA",Longbranch,WA,98351,(253) 884-3844,https://www.seattleymca.org/camp-colman?utm_source=google&utm_medium=organic&utm_campaign=business-listing&utm_content=colman
YMCA Camp Cristina,"9840 Balm Riverview Rd, Riverview, FL 33569, USA",Riverview,FL,33569,(813) 677-8400,https://www.tampaymca.org/locations/ymca-camp-cristina
YMCA Camp Lake Helena,"11606 Ranch Dr SW, Port Orchard, WA 98367, USA",Port Orchard,WA,98367,(360) 307-4099,http://ymcacamplakehelena.org/
YMCA Camp Moody,"1220 Old San Antonio Rd, Buda, TX 78610, USA",Buda,TX,78610,(512) 523-9640,https://www.austinymca.org/branches/y-camp-moody
YMCA Camp Round Rock,"298 W Old Bowman Rd, Round Rock, TX 78664, USA",Round Rock,TX,78664,(512) 246-9622,http://ymcactx.org/
YMCA Camp Seymour,"9725 Cramer Rd NW, Gig Harbor, WA 98329, USA",Gig Harbor,WA,98329,(253) 884-3392,http://www.campseymour.org/
YMCA Camp Terry,"31112 SE 85th Pl, Issaquah, WA 98027, USA",Issaquah,WA,98027,,http://www.seattleymca.org/
YMCA Camp Tumbleson Lake,"173 Co Rd 96, Ward, CO 80481, USA",Ward,CO,80481,(303) 459-1124,https://www.ymcanoco.org/camp-tumbleson-lake
YMCA Camp Twin Lakes,"Cedar Park, TX 78613, USA",Cedar Park,TX,78613,(512) 250-9622,https://ymcactx.org/locations/ymca-camp-twin-lakes/
YMCA Camping and Outdoor Leadership,"309 Pontius Ave N, Seattle, WA 98104, USA",Seattle,WA,98104,(206) 659-0231,https://www.seattleymca.org/programs/camp-and-outdoor-leadership
Young People's Day Camp of Queens,"224-21 76th Ave, Oakland Gardens, NY 11364, USA",Oakland Gardens,NY,11364,(800) 856-1043,https://ypdc.com/
Young Stars,"207 S Houston St #130c, Dallas, TX 75202, USA",Dallas,TX,75202,(214) 767-8888,https://www.kindercare.com/our-centers/dallas/tx/000782?utm_campaign=kc-lg&utm_source=yext&utm_medium=pro&utm_keyword=&utm_platform=&utm_matchtype=&utm_adgroupid=&utm_content=gmb&y_source=1_MzgwMzEzMC03MTUtbG9jYXRpb24ud2Vic2l0ZQ%3D%3D
YouthSF Lab,"438 Taraval St, San Francisco, CA 94116, USA",San Francisco,CA,94116,,https://www.youthsf.org/